{
  "U": 0.75,
  "R": 0.125,
  "RR": 0.04165,
  "AR": 0.0643,
  "SR": 0.0125,
  "IM": 0.00555,
  "UR": 0.001
}