{
  "C": 0.06,
  "U": 0.04285,
  "R": 0.01285,
  "RR": 0.01666,
  "AR": 0.01607,
  "SR": 0.00277,
  "SAR": 0.00277,
  "IR": 0.01111,
  "UR": 0.00066
}